name,birthday,phones
Flora,24.12.2023,4164711854;5172402875
Jimmy,09.03.2003,9051280648
Madilyn,07.07.2002,3569321443;3605392707;7922432903
Roland,20.09.1993,5246670975;1662428392
Presley,22.11.2015,9884264204;3613973266
Lorenzo,27.02.2017,2820265179;6198570527;6685099298
Phoenix,28.01.2018,7026837346;5971420843;8802907406
Jay,08.07.2014,5258448255
Catherine,13.09.2022,3715454587
Javier,17.08.2001,3505891772;1659678404;7764076007
Julia,26.08.1988,1962802250;9276019428;5244315630
Zechariah,16.04.1986,9227428082
Blake,25.06.2013,9079793764
Royal,02.12.1989,2767340489
Brooke,25.01.1999,8727993346;7427860919
Raylan,03.03.2015,8648988502
Kathryn,05.10.1989,9319669731;5679904466
Brayden,07.11.2008,1411349759
Clementine,10.08.2003,1496936715;6211004318
John,04.08.2000,9033205007
Viviana,18.05.1999,2489756250
Emir,19.08.1987,5870232643
Ariyah,14.07.1990,1709986579
Saint,08.04.1983,9508352476;4473228706
Lauryn,31.12.2014,1450463016;8545042180
Koda,05.01.2019,7340269338
Nylah,19.06.2012,7182098516
Jamal,09.09.2014,3163710969
Irene,20.11.2006,7335189675
Colten,31.03.2015,3893895556;4472245143;4517729529
Katelyn,04.12.1998,7522064359;1934019541
Frederick,04.12.2005,6415670043;6168657627;7764980107
Sloane,30.09.2012,3472186567;8592136972;9667820354
Princeton,29.09.2007,8198000839;5742255124
Emily,23.09.1980,2706187662;6384054392
Abraham,15.08.1998,3157141667
Dallas,27.04.2015,1624494708
Jayce,25.01.2001,2059226882;1761553079;3287465406
Kayleigh,08.03.1998,6342457013;1842125762;6929452297
Oliver,04.11.2014,6779497432;1935161999
Raelyn,21.07.1991,3730832184;7590877679;4361400364
Milan,03.11.1984,6646039439;7856723281
Kennedy,26.02.2003,5964805623;1823831387
Colin,29.06.2014,8588098028;5051910750
Anaya,10.01.1995,2667838487;5860929373
Michael,25.10.1982,7760717796;3978575486;4856169441
Jayda,15.06.1983,8937094298
Baylor,17.04.2005,7232904055
Thea,13.11.2016,1976906527;3299674543
Bryan,13.07.1987,4862896996
Everleigh,12.08.2002,7515848320;6486767390;1114075004
Rohan,05.05.2009,7195594146;5050056237
Alma,16.05.1985,4372577756;6781307898;3182255986
Eugene,14.02.1984,7661402738;3887898679;9375296894
Avayah,16.12.2013,9087387842;5979541435
Riley,15.02.1995,2520738681;5804298908
Faye,17.04.2012,7731123722
Kiaan,18.02.1990,5850107003;2724195039
Berkley,13.12.2020,7698546268
Franco,01.11.2006,2402807164;7778570204
Nyomi,06.09.2018,8354332483;2674030304
Harrison,05.10.2001,9377485676
Rylan,04.11.1993,3024038396
Sawyer,20.10.1985,4778119819;8534984917
Julieta,11.12.2003,6187542475;9146441096
Amari,12.10.2009,1501705820
Selena,02.01.1998,4374161168;2835738369
Hamza,11.04.2018,5589050110
Linda,27.03.2019,6568616969;3329979934
Pablo,23.01.1996,6314321185;4697734241;6219198411
Rebekah,14.08.2019,8499539949
Grayson,13.08.2000,1244949420
Addilyn,16.07.2013,5712165295
Jeremiah,30.06.1990,1667370950
Taylor,17.02.2008,8211253231;4733691298
William,08.01.1991,3313766053
Kaydence,24.08.1999,4910191486;6581653748
Valentin,11.06.1986,9547392783;8009463479;2462549835
Noa,13.11.2013,6449497096;3645870132;2117714708
Alonso,10.06.2012,7611353867
Delilah,07.03.1991,8836341880
Leighton,06.08.1983,8672584772;7530788940;4717882417
Araceli,10.11.1997,8437393365;7628977770
Dalton,25.10.1983,8339806209;7631445597;1569172278
Charleigh,26.06.1994,4326553701
Adan,22.03.1980,5560279652
Joelle,01.12.1995,4244967052;6851385889;3206877542
Ayden,28.08.1994,8375745009
Giuliana,12.11.1985,3825637016;7295300613;6215013071
Mordechai,14.08.2014,8859618582;4734105596;7877325024
Rose,17.07.2012,3446291427;7841833054
Seth,01.04.1982,6856673770;5554990266
Paityn,08.05.1997,9614045808;3756150403;2013887110
Adonis,27.12.1992,8136331669;5973485883
Ember,06.10.2015,9090454722;2840870760
Kabir,22.01.1996,7385853229;6805398145
